ID,種類,x座標,y座標,幅,高さ
0,license,261.2760314941406,354.997802734375,90.93258666992188,46.5487060546875
