ID,種類,x座標,y座標,幅,高さ
0,license,453.0777587890625,257.76385498046875,82.79498291015625,66.78253173828125
