ID,種類,x座標,y座標,幅,高さ
0,license,490.0268859863281,433.7936706542969,118.77133178710938,79.14688110351562
